<application>
  <component name="MaterialThemeConfig">
    <option name="accentMode" value="true" />
    <option name="compactDropdowns" value="true" />
    <option name="isCompactMenus" value="true" />
    <option name="isCompactStatusBar" value="true" />
    <option name="isCompactTables" value="true" />
    <option name="isHighContrast" value="true" />
    <option name="isWizardShown" value="true" />
    <option name="accentColor" value="009688" />
    <option name="userId" value="-4b2839fc:1746f854e07:-8000" />
    <option name="version" value="4.11.5" />
  </component>
</application>